d,alpha,kappa,tau,rho,lam,numavg,gtask_mean,gtask_std
64,10,0.2,10,0.01,1e-06,20,0.9223517581338286,0.015624124292915202
