d,alpha,kappa,rho,numavg,gtask_mean,gtask_std
64,10,0.2,0.01,1000,1.6774528723410214,2.3491223242655552
