d,alpha,kappa,tau,rho,lam,numavg,icl_mean,icl_std,idg_mean,idg_std
10,1.0,1.0,5.0,0.01,0.0001,10,0.9646522007216536,0.08298034298752568,0.5682048055244344,0.029133382892902213
